Компания,Отзывов,Средняя_оценка
Орион,32,2.13
Модерн,41,2.88
Адмирал,38,3.11
КанцЛидер,44,3.41
Москва,104,3.41
DIVAN BOSS,32,3.45
Дом,37,3.46
"Атриум, сеть мебельных центров",34,3.47
Мебель в дом,55,3.49
Divan Boss,199,3.61
Askona,356,3.66
Lazurit,299,3.68
Элемент мебели,32,3.72
Много Мебели,612,3.8
Ваш уют,81,3.81
Мебельный Двор,77,3.83
Мебель Молл,62,3.87
Соло,34,3.88
Кипарис,68,3.9
Добрыня,46,3.91
Планета Мебель,30,3.93
Март,111,3.94
МЕБЕЛЬНЫЙ ДВОР,78,3.95
Столплит,248,4.0
Любимый Дом,65,4.02
Планета-Мебель,70,4.03
"Магазин Мебели ""Москва"".",420,4.03
Cucina.Studio,55,4.04
Hilding anders,31,4.06
Народный,50,4.1
Сарма,356,4.14
"ДОМ, салон мебели",51,4.16
По щучьему велению!,420,4.17
Кухни38.ru,41,4.2
"Атриум, студия детской мебели",104,4.21
Мебель Холл,110,4.24
Галерея плюс,56,4.25
Джинн,59,4.26
Марина,63,4.3
Планета мебель,39,4.31
Лабиринт,75,4.31
Бабр,188,4.31
Alberhome,52,4.33
АМТ,153,4.33
Галерея Плюс,48,4.33
Бартер (Мебель-Эконом),42,4.36
Эталон,213,4.36
Октябрьский,262,4.36
Dizara,208,4.38
Акцент,79,4.42
Адель,220,4.44
Mimi,45,4.45
Мебелевич,307,4.49
Бартер,178,4.51
Домашний,61,4.52
Moon & Loft мебель,89,4.52
Командор,113,4.52
Ультра,149,4.54
Эконом-мебель,53,4.57
Магазин эконом-мебели,68,4.57
Мир мебели,738,4.59
Мира,59,4.6
Davita-мебель,45,4.62
Импровизация,127,4.64
Варвара,181,4.66
Мир Мебели,56,4.68
#мебельмаркет,61,4.69
МебельСтиль,182,4.69
Старт,34,4.7
Витрина,94,4.71
Rika,54,4.74
Мария,106,4.76
Божья коровка,35,4.77
Эргомаркет,90,4.81
Beyosa,43,4.81
Abolengo,59,4.83
Nordeagle Mebel,74,4.84
Дас групп,53,4.85
Диван38,108,4.85
Мебель Москва,41,4.85
DaVita-мебель,66,4.86
DaVita,177,4.88
Аскона дисконт,117,4.89
Купе-мастер,42,4.9
Шатура,89,4.91
Sleepkaif,93,4.91
Встроим мебель,34,4.94
Броневик,83,4.96
Аврора,197,4.99
БайкалМет,60,5.0
Sib-Stone,37,5.0
